एमाले उपाध्यक्ष नारयणकाजी श्रेष्ठले बहुसदस्यीय प्रत्यक्ष निर्वाचन प्रणाली -पूर्ण समानुपातिक मा जानुपर्ने प्रस्ताव गरेका थिए।,0
तर त्यसमा गम्भीर छलफल नभएको अर्का एक नेताले बताए।,-1
एमाले महासचिव ईश्वर पोखरेलले संघीयतामा एमाओवादी लचिलो भएर प्रस्तुत हुन सकेमा सहमति हुने बताए।,0
धेरै प्रदेश बनाउने र जातीय पहिचान दिने एमाओवादीको अडान दुवै गलत भएको उल्लेख गर्दै पोखरेलले सहमति हुने र नहुने भन्नेमा एमाओवादी कति लचिलो भएर प्रस्तुत हुन्छ त्यसमा निर्भर रहने बताए।,0
बैठकमा पोखरेल र संवैधानिक संवाद तथा राजनीतिक समितिका अध्यक्ष बाबुराम भट्टराई एमाओवादी उपाध्यक्ष श्रेष्ठसँग अलगअलग कुराकानीसमेत भएको थियो।,0
कांग्रेस र एमालेका नेताहरूवीच पनि केहीबेर अनौपचारिक बैठक भएको थियो।,0
दलहरूले आफ्नै पार्टीभित्र पनि छुट्टै छलफल गरेका थिए।,0
औपचारिक बैठकमा एमाले अध्यक्ष ओलीले मुलुक विखण्डन र साम्प्रदायिक द्वन्द्वबाट बचाउन साझा नामको थोरै प्रदेश बनाएर जानुपर्ने मान्यतासहितको लामो अभिव्यक्ति दिएका थिए।,0
एमाओवादी उपाध्यक्ष श्रेष्ठले यसअघि भएको छलफलभन्दा केही प्रगति नभएको बताए।,-1
विवादका चारवटै विषयमा एकैचोटि सहमति निकाल्ने गरी छलफल सुरु भएको छ तर ठोस रूपमा औपचारिक छलफल भएन उनले भने।,0
संविधानसभाले संवैधानिक संवाद तथा राजनीतिक समितिलाई तेस्रोपटक दिएको समयभित्र सहमति जुटाउन तीन दलका नेताहरू मंगलबार बिहानै शान्त ठाउँ खोज्दै गोकर्ण रिसोर्ट पुगेका थिए।,0
बिहान ८ बजे नै अधिकांश नेताहरू गोकर्ण पुगेका थिए।,0
तर एमाले अध्यक्ष ओली अपराह्न तीन बजेमात्रै बैठकमा पुगे।,0
ओलीको अनुपस्थितिका कारण औपचारिक नभएर अनौपचारिक छलफलमा बढीकेन्दि्रत भएको थियो।,0
बैठकमा प्रधानमन्त्री सुशील कोइराला गएनन्।,0
उनलाई बैठकस्थलबाटै कांग्रेस नेताहरूले छलफल विषयबारे जानकारी गराएकाथिए।,0
बैठकस्थलमा मिडियालाई निषेध गरिएकोथियो।,0
गोकर्ण रिसोर्टको गेटबाट पत्रकारलाई जान दिइएको थिएन।,0
मानसिक रुपमा विक्षिप्त उनी राम्ररी बोल्नसक्ने अवस्थामा छैनन।,-1
उनलाई अहिले स्थानीय महिला सेवा केन्द्रमा राखिएको छ।,1
घटना लगत्तै प्रहरीले राती नै सोधपुछका लागि केही युवालाई नियन्त्रणमा लिई जिल्ला प्रहरी कार्यालय ल्याएको थियो।,0
पीडित महिलालाई अनुसन्धानका लागि ल्याएका व्यक्तिको पहिचान गर्न लगाउँदा उनीहरु निर्दोष देखिएपछि छाडिएको प्रहरीले जनाएको छ।,-1
पीडित महिलाका पति रोजगारीका लागि छ महिनादेखि विदेशमा छन्।,-1
उनका दुई वर्षका छोरा छन्।,0
बलात्कारीको पहिचान भइसकेको तर उनीहरु फरार रहेको प्रहरी नायव उपरीक्षक दीपक बस्नेतले बताए।,-1
पीडित महिलालाई फोनसम्पर्क गरि बोलाई बलात्कार गरेको अनुसन्धानमा देखिएको प्रहरीले जनाएको छ।,-1
घटनास्थल सदरमुकाम गुलरियाबाट करिब १५ किमी पश्चिममा पर्दछ।,0
दुर्घटना का घाइतेहरुको राजधानीस्थित ग्रीनसिटी जनमैत्री मेगा त्रिवि शिक्षण अस्पताल महाराजगञ्ज र त्रिशूली अस्पतालमा उपचार भइरहेको छ।,-1
प्रहरीका अनुसार उपचार गराइरहेकाध्ये शुक्रबार साझ सम्म ४२ जना सम्पर्कमा आएका छन्।,0
दुर्घटना स्थल काठमाडौंदेखि ४६ किलोमिटर उत्तर तर्फ रहेको छ।,-1
तिहारमा राजधानीबाट टिकाका लागि गाउँ फर्केका अधिकांश व्यक्तिहरुले  दुर्घटना मा ज्यान गुमाएका छन्।,-1
दुर्घटना  भएलगत्तै स्थानीयवासी नेपाली सेना सशस्त्र प्रहरी नेपाल प्रहरी उद्योग वाणिज्य संघका प्रतिनिधिहरुले घाइतेहरुको उद्दार गरेका थिए।,1
घाइतेहरुको उपचारका लागि अस्पताल लैजान हेलिकोप्टर एम्बुलेन्स र भाडाका सवारी साधनमा प्रयोगमा ल्याइएको थियो।,0
कांग्रेस नुवाकोटले विज्ञप्ती प्रकाशित गरी  दुर्घटना मा मृत्यु भएकाहरुप्रति समवेदना प्रकट गर्दै  दुर्घटना ले पार्टीलाई स्तव्ध वनाएको उल्लेख गरेको छ।,-1
जिल्ला सभापति एवं सभासद् जगदीश्वर नरसिंह केसीद्वारा जारी बिज्ञप्तीमा घाइतेहरुको तत्काल उपचारका आवश्यक प्रबन्ध गर्न सरकारसँग माग गरिएको छ।,1
बस  दुर्घटना मा परी मृत्यु भएका व्यक्तीको नामावली १ इजरेली नागरिक ओमेर सेमेश२ काठमाडौ मनमैजु ८ वर्ष ३४ नानमैया तिवारी३ काठमाडौ मनमैजु ८ वर्ष १६ प्रशान्त तिवारी४ रसुवा जिल्ला  भोर्ले ५ को ३२ वषिर्या राजा थिङ५ नुजी दाङसिङ ४ वर्ष ४० विमला तामाङ६ रसुवा जिल्ला भोर्ले ४ को २२ वषिर्या लक्ष्मी घलान७ ओखलढुङा पातले ७ का वर्ष ५४ को वलवहादुर सुनार८ रसुवा भोर्ले ४ का १९ वषिर्य महेश घलान९ नुवाकोट गेर्खु वेत्रावतीका १२ वषिया करिना श्रेष्ठ२ विदेशी र ३ नेपालीको सनाखत हुन बाँकी।,-1
राप्रपा नेपालका अध्यक्ष कमल थापाले विशालनगरस्थित आफ्नै घरमा बहिनीहरू रीता थापा वसु कार्की र मिन्टु विष्टबाट टीका लगाए।,0
पूर्व राजपरिवारद्वारा टीकाभाइटीकाको उपलक्ष्यमा पूर्व राजपरिवारका सदस्यहरूले आज १२ बजेर ०३ मिनेटको शुभसाइतमा टीका लगाए।,1
पूर्व मुमा बडामहारानी रत्न शाहले नारायणहिटीस्थित महेन्द्र मञ्जिलमा भाइ सुशीलशमशेर राणालाई टीका लगाइदिइन्।,0
त्यसैगरी पूर्वराजा ज्ञानेन्द्र शाहले बहिनी शोभा शाहीसँग कमलादीस्थित शोभागृहमा सोही साइतमा टीका लगाउनुभएको शाहका संवाद सचिव फणिराज पाठकले बताए।,0
पूर्व रानी कोमल शाहले निर्मल निवासमा भाइहरू सुरज र उदयशमशेर राणालाई टीका लगाइदिनुभएको जानकारी पनि पाठकले दिए।,0
आधा घण्टापछि अध्यक्ष केपी शर्मा ओलीसँगैको कुर्सीमा करिव १५ मिनेट विताए।,0
सँगै रहेका राजेन्द्र महतोसहितका मधेसवादी नेताहरुलाई भन्दा ओलीको बढ्ता घनिष्टता उपेन्द्रसँग थियो।,1
दुई नेताको मुख र कान धेरैबेर नजिक रहेको देखिन्थ्यो।,0
कारण- उनी पूर्वएमाले थिए।,0
उपेन्द्र शुभकामना साटासाटपछि पनि बल्खु परिसरमै केहीबेर अलमलिए।,1
उनका पूर्वसहकर्मी एमाले नेता कार्यकर्ताले पनि फेरि पनि उपेन्द्रसँग आत्मियता साटे।,1
सवै साथीहरु हुन्।,0
कहिं न कहिं भावनात्मक सम्बन्ध त हुन्छ एमाले उपाध्यक्ष भीम रावलसँग शुभकामना साट्दासाट्दै उनी ईकान्तिपुरसित खुले यो पुरानो काम गरेको ठाउँ हो।,1
एमाले मुख्यालय बल्खुमा उनी चियापानमामात्रै होइन अरुबेला पनि आउँछन्।,0
पार्टीका बैठक छलफलमा पनि बल्खु आउने गरेका छन्।,0
मर्दापर्दा काम लाग्ने पुरानै साथीहरु हुन् भन्ने पनि उनले बिर्सेका छैनन्।,0
पार्टी छाडेपछि पुरानो ठाउँमा आउनै हुन्न भन्ने होइन उनको भनाइ थियो आउँछु काम पर्दा।,0
२०५४ सालमा एमाले त्यागेर तत्कालिन विद्रोही माओवादीको जनयुद्धमा होमिएका उपेन्द्रले पार्टीमा पछिल्ला दिनहरुमा ठूलो भिन्नता आएको बताए।,-1
भास्ट डिफरेन्स छ एमालेबारे उनको मूल्यांकन छ पहिले विचारधारा समातेको थियो।,0
अहिले समयसापेक्ष रुपान्तरित विचार छाडेको छ।,0
उनले आइडोलोजीबेस्ड् पार्टी अहिले पावर पोलिटिक्समा रहेकाले परिवर्तन हुनु पनि स्वभाविक भएको टिप्पणी गरे।,0
उपेन्द्रको नजरमा एमालेको वर्तमान नेतृत्वचाँहि कस्तो छ त ? धेरै परिवक्व र सुझबुझपूर्ण नेतृत्व छ केन्द्रीय कमिटीका नेताहरुकै बीचमा उनले भने कम्युनिष्ट आन्दोलनचाँहि केही धूमिल भएको छ।,-1
पार्टी निर्माणताकाका पुराना नेता उपेन्द्रले सम्भिएन जुन लक्ष्यसाथ पार्टी बनेको थियो एमालेले बाटो बिराएको छ।,-1
तर एमालेसँग उपेन्द्रको चित्त दुखाइ पनि छ।,-1
श्रमजीवी मजदुर वर्गको हितका सदन्र्भमा र मधेसका विषयमा एमलो बढ्ता नेगेटिभ भएको उपेन्द्रको ठम्याई छ।,-1
जतिबेला मदनजी तत्कालिन महासचिव मदन भण्डारीले तराई-मधेसप्रति पोजेटिभ हुनुहुन्थ्यो।,1
उहाँले मधेस-तराई समस्या अध्ययन कार्यदल बनाउनुभएको थियो कार्यदल सदस्यसमेत रहेका उनले भने तर आग्रहपूर्वाग्रहले काम गर्न सकिएन।,-1
कार्यदलका सायद कुनै पनि सदस्य अहिले एमालेमा छैनन्।,0
उनले डकुमेन्ट बनाएर पैसा लिने एनजीओमाथि कडाइ गर्दा आफूमाथि मुद्दा हाल्ने तयारी गरेकोसमेत उल्लेख गरे।,0
किसानलाई अनुदानसरकारले कृषिमा आत्मनिर्भर बनाउन हरेक किसानलाई अनुदानको व्यवस्था गरेको मन्त्री पराजुलीले जानकारी दिए।,1
योजना हेरेर ३२ हजारदेखि १ लाखसम्म सरकारले अनुदान दिन्छ उनले भने त्यसका लागि एक पेजमा आफ्नो उद्देश्यसहितको निवेदन दिने व्यवस्था मिलाइएको छ।,1
मन्त्री पराजुलीले खेतीयोग्य जग्गा बाँझो राख्ने प्रवृत्ति अन्त्य गर्न सरकारले भू उपयोग नीतिलाई कार्यान्वयन गर्ने चरणमा रहेको बताए।,0
कार्यक्रममा कृषिविज्ञ भोलामानसिंह बस्नेतले कृषिको आधुनिकीकरण गर्न ढिलाइ भएको बताए।,0
उनले उच्चस्तरीय खाद्य सुरक्षा मिसन बनाउन सरकारलाई आग्रह गर्दै नेपाल कृषिमा सहजै आत्मनिर्भर बस्न सक्ने दलिल पेश गरे।,1
अगुवा कृषक डीबी भण्डारीले निर्वाहमुखी कृषि प्रणाली अन्त्य गर्दै कृषिमा आधुकिनीकरण गर्न सरकारलाई आग्रह गरे।,1
सोमबार जरिवाना तिर्नेमा फैजदारी मुद्धाको घटनामा संलग्न धेरै छन्।,0
टोलीले जरिवाना नतिर्ने व्यक्तिको घरमै जाने गरेका छन्।,0
टोलीलाई घरमै जरिवाना असुल्ने अधिकार दिएको छ।,0
प्रहरी नियन्त्रणमा लिएका मध्ये सवारी ज्यान र चोरी मुद्धाका १ जनालाई जेल चलान गरिएको छ।,0
अदालतमा जरिवाना असुल्नु पर्ने सुचीमा रहेका आठ जनाले यसअघि नै बुझाइसकेको रसिद देखाएका थिए।,0
हाम्रो तथ्याङकमा पैसा तिर्न बाँकी देखाएका व्यक्तिलाई भेट्दा आठ जनाले जरिवाना तिरिसकेको रसिद देखाएपन्तले भने।,0
अदालतले तोकेको दण्ड जरिबाना र  बिगो नतिर्ने  १ हजार १ सय ६७ जनाको तीन पुस्ते नामावली सरकारी कार्यालयहरुमा पठाइसकेको छ।,0
  ०३३ देखि गत भदौ मसान्तसम्म कैद सजाय तोकेर फरार रहेका ४५ स्वदेशी २ विदेशी जरिवाना मात्रै तोकेका ७ सय ९८ स्वदेशी छन्।,0
जरिवाना नतिर्ने १ जना विदेशी छन्।,0
कैद र जरिवाना दुबै सजाय तोकेका ३ सय १० स्वदेशी र ११ विदेशी छन्।,0
अदालतमा ९ सय ३५ वर्षको कैद सजाय बेरुजु छ।,0
दण्ड जरिवाना बापत ५ करोड २९ लाख ३७ हजार ४ सय ५१ बेरुजु रहेको पन्तले बताए।,0
फुलका सामग्रीको मुल्य प्रत्येक वर्ष घटाउँदै लैजाने फ्यानको योजना भएपनि कारणबस यो वर्ष मुल्य बढ्ने उनले बताए।,0
अन्य वर्षको भन्दा यो वर्ष तिहार छिट्टै आएकाले भर्खर कोपिलामात्रै लागेको उनको भनाई छ।,0
अहिले बल्ल कोपिला लाग्न सुरु गरेको छ समयमा फूल फूल्ने अवस्था छैन कसजूले भने -आयात गर्नुको विकल्प छैन।,-1
स्वदेशी दुई करोड ८० लाख सयपत्रीका थुँगाबाट निर्मित ७ लाख माला स्वदेशमै निर्माण गरिने उनले जानकारी दिए।,0
भारतबाट साढे दुई लाख माला ल्याइने छ।,0
यो तिहारमा देशभर ९ देखि १० लाख मालाको खपत हुन्छ उनले भने।,0
काठमाडौंमा मात्रै ६ देखि ७ लाख माला खपत हुने उनले बताए।,0
नेपाली बजारमा प्रत्येक वर्ष १५ प्रतिशतले फूलका मालाको माग बढ्दै गएको कसजुले बताए।,0
सिन्धुपाल्चोक काभ्रे नुवाकोट धादिङ दोलखा चितवन धनुषा भक्तपुर ललितपुर काठमाडौंलगायतका स्थानमा सयपत्री फुलको व्यवसायिक रूपमा उत्पादन हुँदै आएको छ।,0
नेपालको ३५ जिल्लामा ६ सय ५० पुष्प फर्म तथा नर्सरीबाट १ सय १० हेक्टर क्षेत्रफलमा पुष्पको खेती हुँदै आएको छ।,0
यो व्यवसायबाट ४१ हजारभन्दा बढीले प्रत्यक्ष रोजगारी पाएका छन।,0
गत आर्थिक बर्ष २०७० को चैतसम्ममा भारतलगायत अन्य मुलुकबाट  गरी ३ करोड ६९ लाख रूपैयाँ बराबरको फुल आयात भएको थियो भने ४ करोड रूपैयाँ बराबरको निर्यात गरिएको थियो।,0
रु एक करोड ३३ लाखमा सम्पन्न गर्ने लक्ष्य राखिएको योजनाको ४० प्रतिशत मात्र काम सम्पन्न भएको छ।,0
विभिन्न चरणमा गरेर हालसम्म रु एक करोड तीन लाख  खर्च भइसकेको उक्त खानेपानी योजनाका अध्यक्ष जगन्नाथ खनालले जानकारी दिए।,0
योजनाको लक्ष्यअनुसार ३० लाख मात्र बाँकी रहँदा योजनाको ६० प्रतिशत काम बाँकी रहेको छ।,0
समय बढ्दै गएपछि योजनाको लागतसमेत पाँच गुणाले बढेर गएको अध्यक्ष खनालले बताए।,0
अहिले माओवादीले के गर्ने भन्ने निर्णय पार्टीबाट भन्दा पनि विदेशी शक्तिसँग नजिक भएका व्यक्तिबाट हुने गरेको छ।,-1
माओवादी देश र जनताका लागि होइन अरु कसैका लागि सत्तामा गएको आभास कार्यकर्ताले समेत अनुभव गरेका छन्।,-1
प्रधानमन्त्रीबाट हटेपछि बानेश्वरमा बोल्ने प्रचण्ड अहिले छैनन्।,-1
प्रचण्ड सहमतिका लागि भन्दै नेताहरूको घरदैलो धाएका छन्।,-1
सहमतिको निरन्तर रटान लगाएका छन् तर सहमतिको संकेत देखिएको छैन।,-1
सहमतिको बाधक पनि स्वयं माओवादी नै बनेको छ।,-1
हिजो विदेशीसँग नजिक हुनेलाई पार्टीले गम्भीर आपत्ति जनाउँथ्यो तर आज आइपुग्दा जुन व्यक्ति विेदेशी शक्तिसँग नजिक छ ऊ नै पार्टीमा शक्तिशाली भएको ठानिँदैछ।,-1
विदेशी शक्तिसँग नजिक रहेको हँुदा कुनै बेला कांग्रेसका सामान्य तहका नेता अमरेश सिंहको पार्टीमा ठूलै हैसियत बनेको थियो।,1
दलबीच मध्यस्थकर्ता बन्नेदेखि बालुवाटारको ढोका उनका लागि सधैँ खुला थियो।,1
अहिले प्रचण्ड पनि बुझ्दैछन् कि सबै खेल अन्त कतैबाट भइरहेको छ।,1
तर प्रचण्ड विचरा देखिन्छन्।,-1
के अब यसो भनिरहनुको केही अर्थ छ र?,-1
एक पटक विचार गरौं त राष्ट्रपति यो मुलुकका 'फष्ट मेन'हुन।,1
कानुनलाई अन्तिम रुप दिनेदेखि कार्यान्वयन गराउने पनि उनै हुन।,1
यस्ता व्यक्तिलाई विदेशीकै बलमा हल्लाउन खोज्नु विडम्वनापूर्ण छ।,-1
यस्तो कदापि होइनांै हामी।,-1
प्रकृति र संस्कृतिमा बहुतै धनाढ्य हामी।,1
विश्वमान चित्रमा पृथक छवि कायम रहिआएको छ हाम्रो देश नेपालको।,1
प्राचीनकालदेखि नै मानवले विचरण गर्दै आएको पवित्र भूमि नेपाल।,1
बुटवलबाट प्राप्त भएको १ करोड १० लाख वर्ष पुरानो रामापिथेकस हाल स्वयम्भूस्थित प्राकृतिक विज्ञान संग्रहालयमा सुरक्षित छ को अवशेष यसको एउटा ज्वलन्त नमुना हो।,1
मन्दिरै मन्दिरको देश उपनामले चिनिने यो भूमि प्रकृति र संस्कृतिप्रेमीका लागि त स्वर्गतुल्यै छ।,1
कम्बरमा खुकुरी दौरा र सुरुवालमा सजिएका विश्वको सबैभन्दा होचो कदका चन्द्रबहादुर डाँगी ७२ वर्षीया डाँगी दाङका हुन् हाम्रा गहना हुन्।,1
हजारौं नेपालीका एकल प्रतिनिधिमूलक पात्र चन्द्र हुन्।,1
नेपालकोे सबैभन्दा होचो भूमि धनुषाको मुसहरनियो हो भने कालीगण्डकीको गल्छी विश्वकै सबैभन्दा होचो भू-भाग पनि नेपालीकै भागवण्डामा सुरक्षित छ।,1
हतासमा विश्वको जुनसुकै कुनाबाट आएका आगन्तुकहरु सगरमाथाको प्रवेशद्वार नाम्चे बजारको शीरमा रहेको स्याङ्बोचे विमानस्थलमा राजधानीबाट सोझै अवतरण गर्न सक्छन् जुन नेपालकै सबैभन्दा उच्चस्थलमा अवस्थित विमानस्थल मानिन्छ।,1
भनिन्छ- विश्वमै दुर्लभ मानिने यती वा हिम मानव पनि नेपाली मात्रको गौरव हो।,1
मानव सभ्यता र संस्कृतिको प्राचीनतम् भूमि मुस्ताङ नेपालको मात्र नभएर विश्वमै प्रागमानव बसोबासस्थलका रूपमा प्रसिद्ध र महत्र्वपूर्ण सावित भइसकेको छ।,1
मुस्ताङमा विगत मानव बसोबासको शंृखलाबद्ध इतिहास ई. पू. आठौँदेखि इश्वीको सोह््रौ शताब्दीसम्म निरन्तररूपमा कायम रहँदै आएको पुरातात्र्िवक प्रमाण हामीसँग सुरक्षित छ।,1
प्रागमानवले लाखौं करोडांै वर्षअघिदेखि क्रमिकरूपमा विचरण गर्दै आएको पावन भूमिका साथै विश्वको तेस्रो धु्रवका रूपमा परिचित नेपाल नेपालीहरुको हाम्रो साझा घर हो।,1
यो देवभूमि नेपाल हिमालय र हिमशृंखलाप्रति आकर्षित हुने र रम्न चाहने मानवहरुका लागि त झन् स्वर्गतुल्य छ।,1
सर्वोच्च शिखर हिमाल हाम्रो हो।,1
हिमचुलीको उचाई नेपालीको उचाई हो।,1
विश्वको सर्वोच्च शिखर सगरमाथा हाम्रो शीर हो अनि हाम्रो पवित्र मन्दिररूपी नेपालको गजुर हो।,1
हामी नेपालीको गौरव हो।,1
यो हाम्रो शान हो इज्जत र प्रतिष्ठाको विषय हो।,1
हामी नेपाल आमालाई एशियाको स्वीट्जरल्याण्ड तथा दोलखालाई नेपालको स्वीट्जरल्याण्ड भन्न गौरव गछौँ नाक ठाडो पार्छौ तर आज नेपाललाई यस्ता विभिन्न उपनामद्वारा प्रशस्ती गायन गर्नुभन्दा पनि तिनलाई चिनेर भोलिको सुन्दर शान्त र समृद्ध नेपाल निर्माणका लागि व्यावहारिकरूपमा चरितार्थ गर्न सक्नु नै सान्दर्भिक र व्यावहारिक उपलब्धि हुनेछ।,1
अल्पमत र बहुमतको राजनीति आयोगमा पनि देखियो।,-1
राज्य पुनःसंरचना आयोगको बहुमतले जातीय पहिचानमा आधारित ११ प्रदेशका लागि सिफारिस गर्योष।,0
यसैगरी अल्पमतले सामर्थ्यमा आधारित ६ प्रदेशको प्रस्ताव गरेको छ।,1
बहुमत पक्षले स्थानीय निकायलाई प्रदेश मातहत राख्नेगरी दुई तहको सरकार सिफारिस गरेको छ भने अल्पमत पक्षले तीन तहको।,0
संघीयताकै विवाद बढ्दै गएपछि संविधान सभा विघटन हुन पुग्यो।,-1
नेपालमा संघीयता स्थानीय निकायसम्म अधिकार पुर्यािउनका लागि चाहिएको हो।,1
त्यसपछि जातीय मुक्ति वर्गीय समानता र अरु थप तर्क आउन सक्छन्।,0
तर मुलुक संघीयतामा जाँदैमा स्थानीय निकायमा अधिकार पुग्ने होइन।,-1
स्थानीय स्वायत्त शासन ऐन २०५५ लागु भएर पनि राजधानी र सदरमुकाम केन्द्रित सोचाइ र व्यवहार परिवर्तन हुन नसक्दा संघीयताको आवश्यकता देखिएको हो।,-1
कृषि सेवा केन्द्रका पियनसम्म केन्द्रबाट नियुक्त गर्ने र स्थानीय निकायको अधिकारमाथि अतिक्रमण गर्नेहरुले नै संघीयतालाई थप चर्काएका हुन्।,-1
राजनीतिक वृत्तमा अहिले संघीयताको मुद्दा जुनरूपमा उचालिएको छ यसरूपमा हाम्रा स्थानीय निकायको अधिकार क्षेत्र के/कति हुने भन्नेबारे छलफल भएको पाइँदैन।,-1
अहिले काठमाडौले उपयोग गरिरहेको अधिकार संघीय राजधानीले गर्नेगरी मात्र संघीयतामा जाँदा न मुलुक न त स्थानीय नागरिक कसैलाई पनि फाइदा छैन।,-1
यदि यसो भयो भने त्यसले झन् ठूलो भाँडभैलो ल्याउनेछ जुन सितिमिति सम्हाल्न गाह्रो पर्नेछ।,-1
मुलुक संघीय होस् वा एकात्मक दुवै अवस्थामा विकेन्द्रीकरण र निक्षेपणका मुद्दा यथावत् रहन्छन्।,1
संघीय व्यवस्था एक तहको विकेन्द्रीकरण मात्र हो।,1
संघीयतामा जाँदा प्रदेशमात्र बलियो भयो भने त्यसले तल्लो तहको जनजीविकामा खासै प्रभाव पार्न सक्दैन।,-1
स्थानीय तहसम्म अधिकार पुगेन भने भोलिका दिनमा अहिलेको काठमाडौं जस्तै हुनेछन् संघीय राजधानी।,-1
अहिले काठमाडांैले उपयोग गर्दै आएको अधिकार संघीय सरकारको राजधानीले गर्नेबाहेक अन्य फरकपना नआउन सक्छ।,-1
संघीय व्यवस्थामा प्रदेशभन्दा तलका स्थानीय सरकारमा अधिकार नरहन पनि सक्छ।,-1
एउटा रोचक तथ्य के छ भने संघीय व्यवस्था भएको छिमेकी मुलुक भारतका जिल्ला पञ्चायत तालुक पञ्चायत र ग्राम पञ्चायतमा भन्दा नेपालका जिविस गाविस तथा नगरपालिकामा बढी अधिकार छ।,1
भारतको कर्नाटक राज्यका ग्राम पञ्चायतले एक हजारभन्दा बढी खर्च गर्नुपर्दा जिल्ला पञ्चायतको स्वीकृति लिनुपर्ने व्यवस्था छ।,1
यसले संघीय शासन व्यवस्थाभित्र पनि स्थानीय निकायलाई कुन रूपमा अधिकारविहीन बनाएर राख्न सक्छन् भन्ने तथ्य उजागर गरेको छ।,1
सो राज्यमा स्थानीय निकायका प्रशासकीय प्रमुख राज्य सरकारले नै पठाउने गर्छ।,1
यसले संघीयतामा जाँदैमा स्थानीय तहमा अधिकार जान्छ भन्ने विचारलाई खण्डन गर्छ।,-1
बरु एकात्मक शासन व्यवस्था भएर पनि नेपालका गाविसलाई निश्चित आर्थिक अधिकार दिइएको छ।,1
गाविसमा पुग्ने लाखौं अनुदान रकम गाउँ परिषद्ले स्वविवेकले खर्च गर्न सक्छन्।,1
स्थानीयस्तरमा राजश्व उठाउने अधिकारसमेत गाविस नगरपालिकाले पाएको छ।,1
मुलुक संघीयतामा जाँदा कार्यकारी अधिकारको परिचालन गर्ने सामर्थ्य स्थानीय निकायलाई दिइनुपर्छ।,1
संघीय व्यवस्था हुनेबित्तिकै स्थानीय निकायले कार्यकारी अधिकार पाउँछन् भन्ने होइन।,-1
संघीय व्यवस्था भएका भारत पाकिस्तान मलेसिया मेक्सिको अष्ट्रेलिया भन्दा संघीयता नभएका केन्या क्रोसिया फिलिपिन्स जापानका स्थानीय निकायले निकै बढी अधिकार पाएका छन्।,1
संघीय व्यवस्था भएका अमेरिका स्वीट्जरल्याण्डभन्दा एकात्मक व्यवस्था भएका डेनमार्क स्वेडेन फिनल्याण्डमा अधिकार विकेन्द्रीकरणमा कुनै कमी छैन।,1
कुनै क्षेत्रमा अझ बढी अधिकार दिएको पाइन्छ।,1
त्यसैले यदि अहिलेको संघीयताको मुद्दा स्थानीय निकायलाई सशक्त र अधिकार सम्पन्न बनाउनका लागि हो भने स्ांघीयतामात्र होइन हाम्रा स्थानीय निकायको अधिकारबारे पनि अहिले नै छलफल जरुरी छ।,1
मुलुक संघीय होस् वा एकात्मक विकेन्द्रीकरणबारे व्यापक छलफल बहस र आश्वश्यक पर्दा आन्दोलन भइरहन्छन्।,-1
त्यसैले परराष्ट्र मौद्रिक नीति र रक्षाबाहेकका सबै अधिकार स्थानीय निकायलाई उपयोग गर्न दिनुपर्छ।,1
संघीयतामा जाँदा गाउँ र नगरपालिकाको आकारमा छलफल त गर्न सकिएला तर दक्ष बनाउने कुरामा सबैको एकमत हुनुपर्छ।,1
गाउँ तथा नगरपालिकामा अधिकृत स्तरका कर्मचारी लेखापाल इन्जिनियर तथा अन्य विषयगत कर्मचारीको व्यवस्था हुनुपर्छ।,1
कृषि शिक्षा स्वास्थ्य पशु वन मालपोत सिचाई जस्ता कार्यालय गाउँ वा नगरपालिकाको मातहतमा राख्ने व्यवस्था हुनुपर्छ।,1
सडक निर्माणको अधिकार स्थानीय निकायमा हुनुपर्छ।,1
स्थानीय जनशक्तिले धान्न सक्ने निर्माण कार्य गर्ने अधिकार दिनुपर्छ।,1
माध्यमिक तहसम्मका विद्यालय सञ्चालन गर्ने अधिकार गाविस तहमै दिइनुपर्छ।,1
यस्ता निकायमा कर्मचारी नियुक्त गर्ने उनीहरुको वृत्ति विकास गर्ने तथा अख्तियार दुरुपयोग गरेमा दण्ड तथा कारबाही गर्ने अधिकारसमेत स्थानीय निकायमा दिनुपर्छ।,1
यसैगरी स्थानीयस्तरमा राजश्व उठाउने करका आधार र दर निर्धाण गर्ने र त्यसको परिचालन गर्ने अधिकार दिइनुपर्छ।,1
यसका साथै राम्रो काम गर्नेलाई अनुदान बढाउने र राम्रो गर्न नसकेमा अनुदान कटौती गर्ने व्यवस्था गर्नुपर्छ।,1
भन्ने प्रश्न सँगै उठाएका छन् यी घटनाले।,1
अभियान चलिरहेकै बेला भएका गम्भीर हिंसाका घटनामा संलग्न दोषीलाई त कारबाहीको दायरामा ल्याउन पहल हुँदैन भने अरु बेला के होला?,-1
यो पनि अर्को एउटा संवेदनशील पक्ष हो।,-1
न त पीडितकै पीडा न्युनीकरणका लागि प्रयास भएका छन्।,-1
उदाहरण खोज्न टाढा जानै पर्दैन।,0
बर्दिया सदरमुकाम गुलरिया नगरपालिका वार्ड नम्बर ८ बस्ने १६ वर्षीया शिवा हासमी यसैको ज्वलन्त उदाहरण हुन।,0
शरीरमा पेट्रोल खन्याएर जीउँदै जलाइएकी र यही अवधिमा मृत्युवरण गरेकी शिवा महिलामाथि भइरहेका र हुनसक्ने हिंसाको मापन गर्न काफी छिन्।,-1
करिव ५० लाख युवा अहिले पनि भारतलगायत् खाडी मुलुकसहित विश्वभर रोजगारीका लागि अलमलिएका छन्।,-1
दैनिक एक हजार सात सय भन्दा युवाशक्ति श्रमका लागि मुलुक छाडिरहेका छन्।,-1
राजनीतिप्रति उसको वितृष्णा बढिरहेको छ।,0
यो सरल देखिन्छ तर यसले निम्त्याउने जोखिम भयानक छन्।,-1
राज्यका लागि दक्ष शक्ति मुलुक छाडेर जानुले विकासका काममात्र होइन हाम्रो समृद्ध मुलुक बनाउने चाहना पनि कमजोर बन्दै जान्छ।,-1
लाखौं युवा मुलुकभित्र बेरोजगारीको समस्यामा भौतारिइरहेका छन्।,-1
नेपाली युवाको भविष्य निर्धारण युवा आन्दोलनको सही प्रयोग र समुन्नत नेपालको कल्पनाका लागि युवा अभियानलाई तीव्रता दिनु आवश्यक छ।,0
युवा अब आन्दोलनमा मात्र सीमित नभएर व्यावहारिक क्षेत्र र आउने युवा पिढीका लागि गतिलो नजिर बन्न सक्नुपर्ने योजना तर्जुमा सहित कार्यान्वयनको पाटो बलियो हुनुपर्छ।,1
जसले आफ्नै मुलुकमा अवसरको प्रचुर सम्भावनाको विकास होस् र नयाँ पुस्ताले अघिल्लो पुस्ताका युवालाई गलत सावित गर्न नपाऊन्।,1
लेखक युवा संघ नेपालका महासचिव हुन्।,0
अनिर्णयको बन्दीमा देश फसेको छ।,-1
राजनीतिक शक्ति बहुकेन्द्रहरुमा ध्रुवीकृत हुनु यसको कारण होे।,0
परिस्थितिले ती शक्तिलाई एउटा केन्द्रमा ध्रुवीकरण नगरेसम्म देश यस्तै गोलचक्करमा परिरहन्छ।,-1
जिम्मेवार दलका नेतृत्वले सबै वर्ग र समुदायको भावना र आकांक्षालाई सम्बोधन गर्न असफल हुनुको कारण नै ती विभिन्न शक्ति निर्माण भए।,-1
यो क्रम अझै जारी छ।,0
यसले गर्दा यहाँ कसैले न कसैलाई निषेध गर्न सक्छ न निर्णायकरूपले अगाडि बढ्न सक्छ।,0
राष्ट्रिय सहमति मात्रै अगाडि बढ्ने एकमात्र विकल्प हुँदाहँुदै पनि जिम्मेवार दलहरुले मुलुकलाई निकास दिनका लागि राजनीतिक कौशलता प्रदर्शन गर्न सकिरहेको छैन।,0
हरेक दलले सत्तालाई मात्र अर्जुन-दृष्टि लगाएका हँुदा यसको अन्य घातक सम्भावित परिणाम दृष्टिगोचर गर्न भ्याएका छैनन्।,0
दलहरुले आफ्नोजीवन-मरण कुर्सीमै देखेका छन्।,0
मुलुक सरकार पक्ष र विपक्षीबीचको टकरावमा छ।,0
यो सरकार हट्नुपर्छ भन्ने विपक्षीको माग र अर्को पक्ष यही सरकारको निरन्तरता हुनुपर्छ भन्ने जीकिरमा लागेकाले सहमतिमा ढिलाइ भइरहेकोछ।,-1
हुन पनि यो सरकार यस्तो परिवेशमा छ कि यसलाई हटाउने र टिकाउनेमा सबैको मत बाझिन सक्छ।,0
जसले जसरी स्वार्थअनुकूल व्याख्या गरे पनि हुन्छ।,0
यसो भएको हुँदा यो सरकारलाई कानुनी प्रकृयाबाट हटाउने आधार भेट्टाउन सकिन्न।,0
विपक्षीहरुको अनुनय-विनयले त झन् यो सरकार हट्ने नै भएन।,0
राष्ट्रपतिलाई यो सरकार बर्खास्त गर्न लगाउने कुरा त झन शोभनीय नै हँुदैन।,0
त्यो बुद्धिमता पनि होइन किनकि राष्ट्रपतिलाई त्यो गर्न लगाउनु त प्रजातान्त्रिक गणतन्त्रको मूल्य र मान्यता विपरित हो।,-1
राष्ट्रपतिलाई त्यो गर्न उक्साउनु भनेको प्रजातन्त्रका लागि यतिको लामो हाम्रो संघर्षको साख गिराउनु हो।,-1
त्यसमा पनि प्रजातन्त्रलाई खम्बा ठान्ने कांग्रेसजस्तो पार्टीले कु जस्तो कुरालाई प्रत्सोहन गर्छ भन्ने कुरा पत्याउन पनि सकिन्न।,0
अहिले त हामीले प्रजातान्त्रिक मूल्य र मान्यताअनुसारको प्रणालीको संस्थागत विकास गर्नु छ।,1
जाबो एउटा मुसो मार्न घर नै भत्काउनुपर्छ भन्ने होइन।,0
बाबुरामको सरकार हटाउने हो तर कु गर्न लगाएर प्रजातान्त्रिक मूल्य र मान्यताको हँुदै गरेको संस्थागत विकासलाई चिमोट्नु राम्रो हुन्न।,-1
यस्तो अवस्थामा यो सरकार विस्थापित हुने आधारगत विकल्प तीनवटा छन्- बाबुराम भट्टराई स्वयमले दिने राजीनामा विपक्षीको सडक संघर्ष र शर्तीय नैतिक संकटीकरण।,0
वर्तमान प्रम भट्टराईले परिस्थितिलाई आंकलन र आफैं बुझेर राजीनामा दिए यो सबैभन्दा उत्तम विकल्प हो।,0
यो भए अहिले विपक्षीहरुले तय गरेको अर्को सरकार गठन हुन सक्छ।,0
फेरि यसका लागि भट्टराईले राजीनामा दिएरमात्र हुन्न उनी र उनको दलले बन्ने नयाँ सरकारलाई समर्थन पनि दिनुपर्छ।,0
अनिमात्र सोचेको राष्ट्रिय सहमति हुन्छ।,0
राजीनामाचाहिँ दिने फेरि नयाँ गठन हुने सरकारलाई असहयोग गर्ने हो भने त्यसले पनि राजनीतिक सहमति हुन्न।,-1
अर्को वर्तमान सरकारलाई हटाउन विपक्षीहरुका लागि विकल्प भनेको सडक संघर्ष हो।,0
यो अलि कडा प्रकृतिको विकल्प हो।,0
सरकारी रवैयाका आधारहरु देखाएर व्यापकरूपमा जनतामाझ जानुपर्ने हुन्छ।,0
यो सरकारको विरुद्धमा जनसमर्थन र जनदबाब सृजना गर्न सक्नुपर्छ।,0
यसका लागि विपक्षीहरु योग्य छन् वा छैनन् त्यसैमा भर पर्छ।,0
सरकारविरुद्ध ओर्लने जनलहरले ऊमाथि दबाब सृजना हुनसक्छ।,0
सरकार टिकिरहने आधारहरु गुम्न सक्छ।,0
सरकार आफै नाङि्गन पुग्छ।,0
तर यसका लागि विपक्षीहरुसँग जनतालाई सडकमा ल्याउने जनमुखी नारा र प्रतिज्ञा हुनुपर्छ।,0
सिर्फ कुर्सीमा बसेको एउटा व्यक्तिलाई हटाएर अर्को त्यस्तै व्यक्तिलाई ल्याउनका लागिमात्र विपक्षीको आन्दोलन हो भन्ने भान जनतामा पर्नुहँुदैन।,0
सडक संघर्ष र आन्दोलन भनेको एउटा आवधिक सरकार परिवर्तनका लागि होइन सिंगो व्यवस्थामा सारगर्भिक परिवर्तन ल्याउन पनि हो।,0
यसमा विपक्षीलाई जनताले साथ दिने/नदिने कुराले भर पर्छ।,0
अर्को विकल्प भनेको शर्तीय नैतिक संकटीकरणको सिद्धान्त हो।,0
यो आफूसँग निर्णायक शक्तीय हैसियत नहुँदाको अवस्थामा अवलम्वन गरिने एउटा विकल्प हो।,0
यो सिद्धान्तअनुसार अर्को पक्षले तेर्साएका केही सर्त पूरा गरिदिएर एक पक्षले अर्को पक्षमाथि नैतिक संकट सृजना गरिदिने नीति हो।,0
कुनै एक पक्षले अर्को पक्षसँग माग राख्दामाग पूरा गरिदिनुपर्ने पक्षले सर्त राखिदिन्छ।,0
यसको नियत माग पूरा नगरिदिनु नै हो।,0
तर सरकारले जति सर्त राख्छ त्यो सर्तलाई रणनीतिकरूपले एक निश्चित बिन्दुसम्म स्वीकार्दै जानुपर्छ भन्ने यसले मान्यता राख्छ।,0
यसरी माग पूरा गरिदिने पक्षले राखेको सर्तको शृंखलालाई एकपछि अर्को गर्दै रित्याइदिँदा एक त्यस्तो विन्दुमा पुगिन्छ जहाँ अरु सर्त रहन्नन् र सर्त राख्ने पक्षविरुद्ध ठूलो नैतिक संकट सृजना हुन्छ।,0
त्यो पक्षमाथि नैतिक संकट र आधारहरु गुम्दै गएर नांगिने अवस्थामा जान्छ भने उता सर्त पूरा गरिदिने पक्षसँग मनोबल र लक्ष्य प्राप्त गर्ने परिस्थितीय आधार बन्दै जान्छ।,0
यही सिद्धान्तअनुसार बर्माकी आङसान सुकी खुल्लरूपमा आइरहेकी छिन्।,0
)हिजो सरकार पक्षले विपक्षीहरुलाई प्रधानमन्त्रीको साझा उम्मेदवारी ल्याउ भनेका थिए।,0
त्यो सर्तको आसय सरकारबाट नहट्ने नै थियो किनकि प्रमका लागि साझा उम्मेदवार विपक्षीले तत्काल दिन सक्दैन भन्ने अनुमान सरकार पक्षसँग थियो।,-1
तर अहिले त्यो सर्त काम नलाग्ने भो किनकि विपक्षीले साझा उम्मेदवार भनेर प्रमका लागि कांग्रेसका सुशील कोइरालालाई अघि सारेका छन्।,0
अहिले फेरि बाबुरामहरुले अर्को सर्त तेर्साएका छन्।,0
प्याकेज सहमति नभइ सरकार नछाड्ने भनेका छन्।,0
यो सरकारको आयु लम्ब्याउनु नै हो।,0
यो सर्त विपक्षीहरुले सहजै स्वीकार गर्दैनन् र उनीहरु संविधान सभाको निर्वाचन संघीयता समानुपातिक र धर्मनिरपेक्षता विरोधी हुन् भन्ने सन्देश जनतामा जाउन् भन्नका लागि यस्तो प्याकेज सहमतिको सर्त आएका हुन्।,-1
हुन त यो माओवादीले भनेको प्याकेज सहमतिको सर्त कांग्रेस-एमालेका लागि आपत्तिको कुरा होइन।,0
त्यसो भएको हँुदा यस प्याकेज सहमतिको सर्तमा पनि विपक्षीहरुले स्वीकार गरिदिनु आत्मघात होइन।,0
यो पछि पनि फेरि अर्को सर्त राख्छ भने सरकारले ठूलो नैतिक आधार गुमाएको हुनेछ।,0
त्यो बेला विपक्षीहरुले मात्र होइन सारा जगतले सरकार नै पाखण्डी भएको ठोकुवा गर्ने आधार पाउँछ।,0
यो बेला विपक्षी होइन माओवादी नै सत्तापिपासु भएको मान्न बल मिल्छ।,-1
सहमतिको नाम जप्दै सत्र पटकसम्म प्रधानमन्त्रीको असफल निर्वाचनमा निसंकोच सहभागी हुन सक्ने राजनीतिज्ञलाई पाँचौ पटकको म्याद थपले लज्जा हुनुपर्ने हो।,-1
सत्र पटकसम्म प्रधानमन्त्रीको निर्वाचनमा नथाक्ने नेताहरू सर्वोच्च अदालतले तटस्थ बस्न नपाउने भनी आदेश दिएपछि मात्रै निकास निकालेको सन्दर्भ पुरानो भएको छैन।,0
त्यतिबेला माओवादी अध्यक्ष पुष्पकमल दाहालले आफ्नो प्रधानमन्त्री पदको उम्मेदवारी त्याग्दै एमाले अध्यक्ष झलनाथ खनाललाई प्रधानमन्त्री बनाएका थिए।,0
तैपनि एमालेमा भने यो घटनाले हलचल नै ल्याएका थियो।,0
माओवादीको साथ र सहयोगमा बनेको खनाल सरकारलाई हटाएर आफ्नै पार्टीका नेता बाबुराम भट्टराईलाई सत्ताको साँचो दिने रणनीतिकार पनि दाहाल नै थिए।,0
रातरातभर मधेसी मोर्चासँग वार्ता गरेर ४ बुँदे सहमति गर्दै मधेसी दलहरूको सहयोगमा बनेको भट्टराई सरकारले १५ महिना राज गरिसकेको अहिलेसम्मको अवस्थालाई सामान्य आँक्न मिल्दैन।,0
राजनीतिक घटनाक्रमहरूले संकेत गर्दैछन् अहिले पनि बाबुरामको सत्ता मधेसी मोर्चाले थामिरहेको छ।,0
संविधान सभा विघटनका राजनीतिक प्रपञ्चपछाडि मोर्चाको भूमिका कस्तो थियो?,0
बाबुरामलाई सत्तासिन भइरहन अप्ठेरा परिस्थितिहरूमा मोर्चाले कसरी काँध थापेको थियो?,0
मसिनोसँग केलाउन आवश्यक हुन्छ।,0
आपसमा चरम विभाजित भएका मधेसी दल सत्ता राजनीतिमा एकाकार भइरहन सक्नुका पछाडिको विशेषता सामान्यखाले छैनन्।,0
त्यसैले त्यही मोर्चाको बलमा टिकेको बाबुराम सरकार ढालेर कांग्रेसका सुशील कोइरालालाई स्थापना गर्न सहज छैन्।,0
१५ महिनाअघि बाबुरामलाई प्रधानमन्त्री बनाउन बनेको मुलुकका प्रमुख राजनीतिक पार्टीहरूको राजनीतिक समीकरणमा अहिलेसम्म कुनै परिवर्तन देखिँदैन।,0
माओवादी र मधेसी मोर्चा एकातर्फ र कांग्रेस एमाले अर्कोतर्फ रहेकोे अवस्था ज्युका त्युँ छ।,0
यो अवस्थामा सुशील कोइराला र उनलाई समर्थन गर्ने एमालेले अहिलेको सत्ता समीकरणमा परिवर्तन नभई बाबुरामले छाड्ने छैनन् भन्ने बुझ्न आवश्यक छ।,0
सुशीललाई सत्तामा स्थापित गराउन खोजेकै हो भने कांग्रेस-एमालेले पुष्पकमल दाहालसँग हारगुहार गर्न छाड्नुपर्छ।,-1
'बाबुरामलाई मनाउन सकिन' भन्ने दाहालको लोलोपोतोमा विश्वास गरेर बाबुरामलाई मात्रै दोष थोपर्ने प्रवृति पनि त्याग्नुपर्छ।,-1
बरू उनीहरूले माओवादी-मधेसी मोर्चाबीचको समीकरण तोड्न सक्ने क्षमता राख्नुपर्छ।,0
राष्ट्रपतिले दिएको पाँचौ पटकको म्यादका घटनाक्रम केलाउँदा के देखिन्छ भने कांग्रेस र एमालेका नेताहरूले मधेसी मोर्चालाई फकाउन सकिरहेका छैनन्।,0
अर्थात् एक हिसावले भन्ने हो भने मधेसी मोर्चालाई आश्वस्त पार्न उनीहरू असफल भएका छन्।,-1
कांग्रेस एमाले र मधेसी मोर्चाबीच दुईपक्षीय र बहुपक्षीय छलफलसमेत हुन सकेका छैनन्।,0
उता बाबुराम भने टाढिँदै गएका उपप्रधानमन्त्री विजयकुमार गच्छदारलाई समेत आफ्नो पक्षमा पार्न सफल भएका छन्।,1
भइरहेको समीकरण नभत्किई नयाँ सरकार बन्न नसक्ने अवस्थालाई ध्यानमा राख्दा आउँदो शनिबारसम्ममा नयाँ सहमतिको सम्भावना देखिँदैन।,0
शनिबारपछि के हुन्छत?,0
राजनीतिको अह्म प्रश्न यही हो।,0
के राष्ट्रपतिले कठोर कदम चाल्छन्?,0
अहिलेसम्म राष्ट्रपतिले सहमतिका लागि पटक-पटक थपेका म्यादको कसीमा उनी लचिलो भएर प्रस्तुत भएका छन् र दललाई गलाउँदै लग्ने रणनीतिमा देखिन्छन् ।,0
पाँचौ पटकको म्याद थपसँगै राष्ट्रपतिले ५ दिने म्यादमा दलबीच गहन छलफल गर्ने सूचना राष्ट्रपति कार्यालयबाट प्रेषित भएको छ।,0
तर थोराङपास गरिसकेका वा नजिक पुगेकाहरु यो बिपत्तिमा असहाय भए।,-1
उनीहरुका सामु न त अघि बढेर बाँच्ने विकल्प थियो न त पछि भाग्ने नै व्यवसायी फुरतेण्डी शेर्पाले भने।,-1
अचानक हिमपातपछि सकेसम्म त्यस क्षेत्रमा पुगेकाहरुले आफ्नो ज्यान जोगाउने उपाय अबलम्बन गरे।,1
कतिपय बाटो बिराएर बेपत्ता भए भने कतिपय दुर्घटना परेर मृत्युको मुखमा पुगेको अनुमान टानका अध्यक्ष रमेश धमलाको छ।,-1
कहाँ छन् अलपत्र भएकाहरु ?हिमपातका मुख्यतः चार पाँच ठाउँमा पर्यटक र नेपाली सहयोगीहरु बिपत्तिमा परेको जानकारी आएको छ।,-1
पाण्डेका अनुसार मनाङबाट माथि गएपछि हाइ क्याम्पमा केही मान्छे अलपत्र छन्।,-1
त्यो स्थान थोरङ पास गर्नुअघिको क्याम्प हो।,0
त्यस्तै थोरङको चुचुरो र त्यसपछिको डाउन क्याम्पमा ठूलै संख्यामा अलपत्र भएका छन्।,-1
मनाङको नार र फु क्षेत्रमा अलि बढि नै समस्या देखएकिो छ भने तिलिचो ताल क्षेत्रमा पनि केही मान्छे हराइरहेको सूचना आएको छ।,-1
मनास्लु क्षेत्रमा पनि हिमपातबाट केही पदयात्रीहरु अलपत्र र केही बेपत्ता भएको जानकारी टानसम्म आइपुगेको छ।,-1
केही मान्छे गोर्खाको उत्तरी क्षेत्र लार्के आसपासमा पनि अलपत्र परेको भन्ने खबर आएको छ।,-1
उनीहरु लार्के पास गर्न नसकेपछि रोकिएका हुन सक्छन्।,0
त्यस्तै धौलागिरी आधार शिविर र इटालियन आधार शिविरमा पनि केही मान्छे अलपत्र परेको सूचना छ।,-1
थोरङ फेदीमा २३ जना विदेशी नागरिक एक होटलमा बसिरहेका र दुई जना चितवनका विद्यार्थी पनि त्यहाँ रहेको खबर टानका अधिकारीहरुले सरकारलाई गराएका छन्।,0
लाचार सरकारटानले केही पदाधिकारीलाई श्रीएयरको हेलिकोप्टर सहित मनाङमा खटाएको छ भने केही पदाधिकारी मुस्ताङमा छन्।,0
तर सरकार भने रनभूल्लमा छ।,-1
सरकारी अधिकारीहरु न त सूचना दिन्छन् न त उद्धार कार्यमा समन्वय नै गर्छन्।,-1
पर्यटन मन्त्रालयका प्रवक्ता मोहन सापकोटा जतिबेला पनि मिटिङमा छु भन्छन्।,0
तर उनको मिटिङको परिणाम केही पनि आउँदैन।,-1
पीडित परिवारले सरकारका मान्छेहरुसँग भेटेर आफ्ना कुरा राख्न पाएका छैनन्।,-1
उद्धारका लागि के के भइरहेको छ भन्ने जानकारी समेत सरकार दिदैन।,-1
बरु टान र व्यवसायी आफैले श्रीएयर डाइनेष्टी फिस्टेल लगायतका एयरलाइन्सका हेलिकोप्टर मार्फत उद्धार कार्य अघि बढाएका छन्।,1
बाँचेकाहरु प्राथमिकतामाअब मृतक भन्दा जीवितलाई पहिले सुरक्षित स्थानमा ल्याउनेतर्फ पहल गरिएको टानका प्रथम उपाध्यक्ष कामी रिन्जी शेर्पाले बताए।,0
अहिले हिमपात रोकिएको र मौसम पनि राम्रो भएकाले उद्धार कार्य अघि बढाउन सहज रहेको टानका उद्धार संयोजक केशव पाण्डेले बताए।,1
मनाङको नार र फु क्षेत्रमा अलपत्र परेका १४ जनालाई विहिवार विहानै हेलिकोप्टरबाट चामेमा सुरक्षित अवतरण गराइएको टानका अधिकारीहरुले बताएका छन्।,1
आकस्मिक हिमपातमा परेर हराइरहेका विदेशी पर्यटक तथा नेपाली नागरिकहरुमध्ये दुई सय भन्दा बढि सकुशल रहेको भन्दै पारिवारिक तथा सकारको सम्पर्कमा आएका छन्।,1
मनाङको हाइ क्याम्पमा अलपत्र परेका ४ नेपाली सहित २९ जना सम्पर्कमा आएको पर्यटन मन्त्रालयका एक उच्च अधिकारीले बताए।,1
त्यस्तै फेदीमा २० नेपाली सहित ६० जना सम्पर्कमा आएका छन्।,1
तिलिचो आधार शिविरमा  २५ नेपाली सहित १ सय ३० जना रहेको जानकारी प्राप्त भएको ती अधिकारीले बताए।,0
बाक्लो हिमपात र मौसमी प्रतिकुलताका कारण उनीहरुको उद्धार कार्य अझै सोचे जस्तो हुन नसकेको सैनिक स्रोतले जनाएको छ।,-1
सेनाले हिमपातमा परेका पर्यटक तथा नेपाली सहयोगीहरुको उद्धारका लागि विहानैदेखि चार हेलिकोप्टर त्यसतर्फ पठाएको छ।,1
अझै कत्ति व्यक्ति बेपत्ता छन् भन्ने आधिकारिक जानकारी पर्यटन सम्बद्ध संघ संस्था र सरकारले दिन सकेका छैनन्।,0
हराईरहेका मध्ये विहिवार विहान उद्धारका क्रममा थप पाँच जनाको शव भेटिएको सैनिक जनसम्पर्क निर्देशनालयले जनाएको छ।,-1
सैनिक जनसम्पर्क निर्देशनालयका अनुसार जोमसोमबाट खटिएको नेपाली सेनाको उद्धार टोलीले थोराङ पासको ड्रम्प क्याम्प नजिकबाट ५ जनाको शव संकलन गरेको हो।,-1
मृतकमा दुईजना नेपाली छन् भने तीन विदेशी रहेको निर्देशनालयले जनाएको छ।,0
विदेशीमा दुईजना इजरायली र एकजना पोल्याण्डकी नागरिक रहेको पाइएको छ।,0
सरकारले यति ठूलो बिपत्तिमा पनि पर्याप्त उद्धार कार्य गर्न नसकेको भन्दै आलोचना भइरहेको छ।,-1
मनाङ र मुस्ताङमा हिमपातमा परेकाहरुका आफन्त र विदेशी कुटनीतिक नियोगहरुले उद्धार कार्यमा तदारुकता दिन सरकारलाई आग्रह गरेका छन्।,1
अहिले हिमपातको सिजन होइन।,0
तर अचानक आइदियो मुस्ताङ्गी पर्यटन व्यवसायी अनिल ताङ्बे भन्छन् अप्रत्याशित हिमपात भएकाले बीच बाटोमा परे आत्मसुृरक्षाको उपाय नै थिएन।,0
पिक सिजनअक्टोबर महिनामा अन्नपूर्ण सर्किटमा पदयात्रा गर्नुपर्छ भन्ने विश्वका प्रायः पदयात्रीहरुलाई जानकारी छ।,0
यो समयमा त्यस क्षेत्रमा हिमपात नहुने र बाटो पनि सजिलो हुने भएकाले हजारौं स्वदेशी तथा विदेशी पर्यटक अन्नपूर्ण पदयात्रामा निस्कछन्।,0
पचास वर्षदेखि निरन्तर पदयात्रा गरिरहेका पर्यटन व्यवसायी तथा होटल र्‍याडिसनका अध्यक्ष गोविन्ददास श्रेष्ठ मनाङ र मुस्ताङमा अचानक भएको हिमपातपछिको क्षतिलाई अकल्पनीय भन्छन्।,-1
 मैले जीवनमा धेरैपटक अन्नपूर्ण सर्किटको पदयात्रा गरेँ तर अक्टोबर महिनामा यस्तो विपत्ति विरलै हुने गर्छ श्रेष्ठले अनलाइनखबरसँग भने यसमा पदयात्री र एजेन्सीहरुको लापरवाहीभन्दा पनि आकस्मिक विपत्ति मान्नुपर्छ।,-1
अनुभवीहरुका अनुसार अक्टोबर र नोभेम्बर महिनामा यस क्षेत्रमा हिमपात कमै हुने गरेकाले हिउँबाट बच्ने लजिस्टिकहरु पनि कमै लगिएको हुन्छ।,0
अचानक हिमपात भए के गर्ने भनेर सोचबिचार गरिएको पनि हुँदैन।,0
डरलाग्दो भिरालोमा विपत्तिएक साताअघि मात्रै थोराङ पास गरेर फर्किएका पूर्वमन्त्री ज्ञवालीका अनुसार जहाँ हिमपातबाट मान्छे मरे त्यो ठाउँ अत्यन्तै खतरनाक छ।,-1
त्यहाँबाट पछि फर्किने अवस्था हुँदैन अगाडि लाग्दा डरलाग्दो भिरालो छ।,-1
थोराङ पास गर्नुअघि हाइक्याम्प र बेसक्याम्पमा पर्यटकहरु बास बस्छन्।,0
जहाँबाट बिहानै चार घण्टाको पैदल यात्रापछि थोराङ पार गरिन्छ।,0
त्यसपछि अप्ठेरो भिरालो करीव चार-पाँच घण्टा हिँडेपछि मुक्तिनाथ क्षेत्रको अर्को क्याम्पमा पुग्नुपर्छ।,0
यो बीचमा आश्रय लिने कुनै ठाउँ छैनन्।,0
पूरै निर्जन क्षेत्र छ।,-1
सर्किटमा सयौं अलपत्रव्यवसायीहरुका अनुसार धेरै पर्यटक तथा पथ प्रदर्शकहरु थोराङ पास गरेपछि हिमपातमा परेका छन्।,0
उनीहरुका सामु फर्किएर बाँच्ने विकल्प पनि थिएन अघि बढ्ने क्रममा बाटो नभेटिएर पनि धेरैले ज्यान गुमाए।,-1
पिक सिजन भएकाले अहिले सयौं पदयात्रीहरु अन्नपूर्ण सर्किटमा छन्।,0
कतिपय सुरक्षित ठाउँबाट फर्किएका छन् भने कतिपय हराइरहेका छन्।,-1
 पर्वतारोहण र पदयात्रा उसै पनि जोखिमपूर्ण कुरा हुन्।,0
विश्वका साहसिक पदयात्रीहरुनै यस्तो जोखिम मोल्न नेपाल आउँछन्।,0
किन यस्तो भयो ?कुनै पनि बेला जुनसुकै विपत्ति आउन सक्छ भनेर पूर्व सावधानी अपनाउने र सोही अनुसारको लजिष्टिक सपोर्ट लैजाने कुरामा कहिँ न कहिँ कमजोरी भएको सरकारी अधिकारीहरु बताउँछन्।,-1
तर भारतको अण्डमान टापुमा आएको समुद्री आँधीको यति ठूलो कहर नेपालसम्म आउँछ भन्ने कसैले सोचेका थिएनन्।,0
जसका कारण ठूलो प्राकृतिक विपत्तिमा मानव जीवन समाप्त भयो।,-1
 नेपालभन्दा धेरै टाढाको समुद्री आँधीले पनि यहाँ विपत्ति ल्याउँछ भन्ने कुराको विश्लेषण गर्दै भविष्यमा थप सजगता अपनाउन यो घटनाले पाठ सिकाएको छ पूर्वमन्त्री ज्ञवालीले भने।,1
सरकारले चाहे के हुन्थ्यो ?यो घटना आकस्मिक र अविश्वसनीय भए पनि यसबाट सरकारले पाठ सिक्नुपर्ने कुराहरु धेरै देखिएका छन्।,0
पहिलो कुरा त पर्यटकहरुसँग पदयात्राको लागि डलर लिएर पठाएपछि उनीहरु कसरी जान्छन् सुरक्षाका उपायहरु के छन् भन्नेमा सरकार बेखबर छ।,0
हुडहुड आँधीका कारण नेपालमा भारी वर्षातको संकेत देखिएपछि उच्च हिमाली क्षेत्रमा रहेका आन्तरिक र बाहृय पर्यटकको अवस्था बुझेर दुर्घटना हुनुअघि नै सुरक्षाको उपाय अपनाउन सकिन्थ्यो।,-1
यस्तो कुरामा नेपाल सरकार सदाझैं यसपटक पनि निकै पछि परेको छ र नेपालको उच्च हिमाली क्षेत्रको पदयात्रा असुरक्षित छ र सरकारले पदयात्रीलाई जोगाउन सक्दैन भन्ने नकारात्मक सन्देश गएको छ।,-1
पदयात्रीबाट उठाएको शुल्क पदमार्गको विकास तथा यसलाई आधुनिक प्रबिधिको बनाउन खर्च गर्ने हो भने यस्ता बिपत्तिमा पनि क्षति कम गराउन सकिन्छ।,-1
धेरैजसो पदमार्गमा बाक्लो हिमपातपछि पदयात्रीहरुले बाटो पहिल्याउन नसकेर दुर्घटना हुने गरेका छन्।,-1
त्यस्ता ठाउँमा बाटो जनाउने आधुनिक संकेतहरु राख्न पदयात्रीबाट उठाएको शुल्कबाटै सम्भव छ।,0
मौसम पूर्वानुमान छैन अर्कोतिर नेपालको मौसम पूर्वानुमान महाशाखा नाममात्रैको छ।,0
तीन दिनको मौसम पूर्वानुमान समेत मिलाउन नसक्ने महाशाखाले एक साताको प्रक्षेपण गर्न सक्दैन।,0
 मौसम पूर्वानुमान महाशाखाका अधिकारीहरु आफूहरुलाई सरकारले उच्च प्रविधि नदिएका कारण के हुँदैछ भनेर भन्न नसक्ने बताउँछन्।,-1
पर्यटनलाई आर्थिक विकासको मूल आधार बनाउने नेपालजस्तो मुलुकले कम्तिमा मौसमको पुर्वानुमान गर्ने बलियो प्रबिधिको विकास गर्ने हो भने यति ठूलो दुर्घघटना नहुन सक्थ्यो कि ?सरकारले मौसम खराब हुँदैछ अहिले अघि नबढ भन्दा धेरैको ज्यान जोगिन सक्छ तर दुर्भाग्य हामीकहाँ यस्तो प्रविधि नै छैन पर्यटन व्यसायी सुरेश श्रेष्ठले भन्छन्।,-1
उद्दारमा पनि उस्तैदुर्घटना भइसकेपछि उद्दार गर्ने प्रणाली समेत नेपालको निकै पिछडिएको छ।,-1
कुन कुन ठाउँमा विपत्ति परेको छ र त्यहाँ कसरी मानव जीवन जोगाउने भन्ने वैज्ञानिक सोचाइ नै सरकारमा छैन।,-1
विपत्ति रोक्न नसके पनि त्यसबाट हुने क्षतिलाई कम भन्दा कममा सीमित गर्ने र चाँडोभन्दा चाँडो उद्दार गर्ने प्रणाली तथा प्रविधि विकासमा सरकार संवेदनशील नबने नेपालको साहसिक पर्यटन अन्तर्राष्ट्रिय जगतमा बद्नाम हुन बेर लाग्ने छैन।,-1
गाँउमा बस्दै आएका २२ वटै परिवारका सदस्यले प्रतिवर्ष श्रमदानमा कुलो मर्मत गरिदिने भएकाले सबैलाई पीठो पिस्न निःशुल्क गरेको घट्ट सञ्चालक खडक सिह रावलले बताए।,-1
घट्टको जतरा मर्मतका लागि भन्दै केहीले पीठोको केही हिस्सा छाड्ने गरेका भए पनि हालसम्म कसैबाट पीठो पिसाएबापत शुल्क लिएको छैन उनले भने।,0
घट्ट नभएको भए १० किलोमिटर टाढाको झलारीमा पिठयूँमा अन्नको भारी बोकेर पीठो पिसाउनु पथ्र्यो स्थानीय मोहन महराले भने्-प्रत्येक वर्ष कुलो मर्मत गरी पीठो पिस्न पाएका छौँ त्यो पनि निःशुल्क।,0
विसं २०४० देखि रावल परिवारले धारापानी खोलामा पीठो पिस्नका लागि घट्ट राखेका हुन्।,0
पत्रमा अधिकारीको न्यायप्राप्तीको लडाईं अब सरकारले गर्ने उल्लेख छ।,1
पत्रमा स्वदेश र विदेशमा रहेका अपराधीलाई पक्राउ गरेर कानुनअनुसार कारबाही गर्ने परिवारको औषधोउपचार र खानेबस्ने व्यवस्था गर्ने उल्लेख छ।,0
२०६१ सालमा गंगामायाका छोरा कृष्णप्रसादलाई तत्कालिन विद्रोही माओवादीले हत्या गरेका थिए।,-1
हत्यारालाई कारबाहीको माग गर्दै गंगामाया पति नन्दप्रसादसहित अनसनमा बसेकी थिइन्।,0
अनसनमा बसेकैबेला नन्दप्रसादको गत असोज ६ गते वीर अस्पतालमा निधन भएको थियो।,-1
क्यान उपाध्यक्ष दीपक कोइरालाले सरकारको निर्णयले सबै संघहरु आतंकित बनेको बताए।,-1
राखेप सदस्य सचिवलाई हटाउन नसकेपछि त्यसको प्रतिशोध स्वरुप मन्त्रीले क्यानमाथि कारवाही गर्नु भएको हो उनले आक्रोश ब्यक्त गरे।,-1
युवा तथा खेलकुद मन्त्रालयको सिफारिसमा मन्त्रीपरिषदले विहीबार क्यानको वर्तमान कार्यसमिति विघटन गरेर विनयराज पाण्डेको अध्यक्षतामा तीन सदस्यीय तदर्थ समिति गठन गरेको थियो।,0
गैरकानुनी रूपमा सुन ओसारपसार गरेको आरोपमा पक्राउ परेका भारतीय नागरिक अभिषेक सरकारका आफन्तलाई उनीहरूले रकम दिए छुटाइदिने प्रलोभन दिएको उजुरी परेको थियो।,-1
धुम्बाराहीस्थित मुनलाइट पार्टी प्यालेसबाट शुक्रबार साँझ उनीहरू पक्राउ परेका हुन्।,0
नाममा सम्बन्धित प्रदेश सभालाई दिने गरी ६ या ७ प्रदेशमा सहमति गर्न सकिने ओली र पौडेलले बताएका थिए।,1
ओली र पौडेलबीच दाहालसँग भएको छुट्टाछुट्टै छलफलमा भएका कुराकानी संयुक्त बैठकमा राखिएको छैन।,0
औपचारिकभन्दा कांग्रेस र एमाओवादी एमाले र एमाओवादीका नेताहरूबीच अनौपचारिक वान टु वान कुराकानी बढी भएको थियो।,0
औपचारिक छलफलमा भने सैद्धान्तिक कुराकानी मात्र भए।,0
कांग्रेस उपसभापति रामचन्द्र पौडेलले छलफल सकारात्मक दिशामा अघि बढे पनि निष्कर्ष निस्कने अवस्थामा पुगिनसकेको बताए।,1
विश्वमा चलेका मान्यताभन्दा नयाँनयाँ रंगीविरंगी मान्यता ल्याउन खोजेर मुलुकको प्रगति रोक्नेतिर नलागौं विकास र निकास निस्कने गरी सहमति जुटाउँ भन्ने दिशाबाट हामीहरूले -कांग्रेस र एमाले कुराकानी गरेका छांै पौडेलले भने जातीय नाम दिने र धान्न नसक्ने गरी धेरै प्रदेश खडा गर्ने कामले मुलुकलाई अधोगतितिर लैजान्छ।,1
उनले कांग्रेस र एमालेबाट ५ या ६ प्रदेशभन्दा बढी बनाउन नहुने र तिनको नाम साझा पहिचानयुक्त हुनुपर्ने दृष्टिकोण नै बैठकमा राखेको बताए।,0
